jobId,title,genres,DegreeType
0,Data Scientist,Python|SQL|AWS|R|Hadoop,MTech
1,Data Scientist,Python|AWS|Hadoop,MTech
2,Data Scientist,AWS|SQL,MTech
3,Data Scientist,AWS|Hadoop|SQL,MTech
4,Data Scientist,AWS,BE
5,Data Scientist,R|Python,BE
6,Data Scientist,AWS|SQL,MTech
7,Data Scientist,Python|AWS,MTech
8,Data Scientist,R,MTech
9,Data Scientist,R|Python,MTech
10,Data Scientist,AWS|Hadoop|SQL,BE
11,Data Scientist,AWS|R,BE
12,Data Scientist,Python|SQL|AWS,BE
13,Data Scientist,Hadoop,BE
14,Data Scientist,R|Python|SQL,BE
15,Data Scientist,R|Hadoop,MTech
16,Data Scientist,Hadoop|SQL,BE
17,Data Scientist,AWS,BE
18,Data Scientist,AWS,MTech
19,Data Scientist,R|AWS|Hadoop,MTech
20,Data Scientist,AWS|R,BE
21,Data Scientist,R|Hadoop|Python,BE
22,Data Scientist,R,MTech
23,Data Scientist,Hadoop|AWS,BE
24,Data Scientist,Hadoop|SQL,BE
25,Data Scientist,Hadoop,BE
26,Data Scientist,AWS|Hadoop,MTech
27,Data Scientist,Hadoop|SQL,BE
28,Data Scientist,Python|Hadoop|Hadoop,MTech
29,Data Scientist,R|Hadoop,MTech
30,Data Scientist,Hadoop,BE
31,Data Scientist,Python|Hadoop,BE
32,Data Scientist,Python|SQL,BE
33,Data Scientist,AWS|Hadoop,MTech
34,Data Scientist,Hadoop|SQL,BE
35,Data Scientist,R|Hadoop,BE
36,Data Scientist,R|AWS,BE
37,Data Scientist,AWS|AWS,BE
38,Data Scientist,AWS|SQL,MTech
39,Data Scientist,Hadoop,BE
40,Data Scientist,Hadoop,MTech
41,Data Scientist,R|R|Hadoop,BE
42,Data Scientist,Hadoop,BE
43,Data Scientist,R|Python|Hadoop,MTech
44,Data Scientist,AWS|Hadoop,BE
45,Data Scientist,Hadoop|SQL,MTech
46,Data Scientist,R|AWS,BE
47,Data Scientist,AWS|Hadoop|SQL,BE
48,Data Scientist,R,BE
49,Data Scientist,AWS|Hadoop|SQL,BE
50,Data Scientist,Python|Hadoop,BE
51,Data Scientist,AWS|AWS,BE
52,Data Scientist,Hadoop,MTech
53,Data Scientist,Hadoop,MTech
54,Data Scientist,AWS|Hadoop|SQL,BE
55,Data Scientist,Hadoop|,MTech
56,Data Scientist,Python|AWS|Hadoop,MTech
57,Data Scientist,Hadoop,BE
58,Data Scientist,Hadoop,BE
59,Data Scientist,AWS|R,BE
60,Data Scientist,AWS|SQL,BE
61,Data Scientist,AWS,MTech
62,Data Scientist,R|Hadoop,MTech
63,Data Scientist,Hadoop,BE
64,Data Scientist,AWS|SQL,MTech
65,Data Scientist,AWS,BE
66,Data Scientist,R|AWS|R,MTech
67,Data Scientist,R,MTech
68,Data Scientist,AWS|Hadoop,BE
69,Data Scientist,Hadoop,BE
70,Data Scientist,Hadoop|SQL,MTech
71,Data Scientist,R|Hadoop,BE
72,Data Scientist,Hadoop|R,MTech
73,Data Scientist,R|AWS|Hadoop,BE
74,Data Scientist,Hadoop,MTech
75,Data Scientist,AWS|Hadoop,MTech
76,Data Scientist,R|Hadoop|SQL,MTech
77,Data Scientist,AWS|Hadoop,MTech
78,Data Scientist,Hadoop|SQL,MTech
79,Data Scientist,AWS|Hadoop,BE
80,Data Scientist,Hadoop|SQL,BE
81,Data Scientist,R|Python|Hadoop,BE
82,Data Scientist,AWS|AWS,BE
83,Data Scientist,AWS,MTech
84,Data Scientist,R|,BE
85,Data Scientist,Hadoop|R,MTech
86,Data Scientist,AWS|R|SQL,BE
87,Data Scientist,AWS|Hadoop|SQL,MTech
88,Data Scientist,R|Python,MTech
89,Data Scientist,AWS|Hadoop,MTech
90,Data Scientist,R|Hadoop,BE
91,Data Scientist,R,BE
92,Data Scientist,Python,BE
93,Data Scientist,Hadoop,MTech
94,Data Scientist,Python|AWS|R|SQL,BE
95,Data Scientist,AWS,PhD
96,Data Scientist,Hadoop,MTech
97,Data Scientist,AWS,MTech
98,Data Scientist,Hadoop|SQL,MTech
99,Data Scientist,AWS|Hadoop,MTech
100,Data Scientist,Python|AWS|R,MTech
101,Data Scientist,R|Hadoop|SQL,MTech
102,Data Scientist,R|Hadoop|,MTech
103,Data Scientist,R|Python|AWS|R,BE
104,Data Scientist,Hadoop,BE
105,Data Scientist,Hadoop,MTech
106,Data Scientist,Python,MTech
107,Data Scientist,R|Hadoop,BE
108,Data Scientist,AWS|SQL,BE
109,Data Scientist,AWS,BE
110,Data Scientist,Python|AWS|Hadoop,BE
111,Data Scientist,Hadoop,BE
112,Data Scientist,AWS|SQL,BE
113,Data Scientist,Hadoop|R|SQL,BE
114,Data Scientist,Hadoop,BE
115,Data Scientist,AWS,BE
116,Data Scientist,Python|AWS|Hadoop,BE
117,Data Scientist,AWS|R,BE
118,Data Scientist,Hadoop|SQL,BE
119,Data Scientist,SQL|Python,MTech
120,Data Scientist,AWS|Hadoop,MTech
121,Data Scientist,Python,BE
122,Data Scientist,AWS,MTech
123,Data Scientist,R,MTech
124,Data Scientist,SQL|R,BE
125,Data Scientist,Hadoop,BE
126,Data Scientist,Hadoop|SQL,MTech
127,Data Scientist,AWS,BE
128,Data Scientist,AWS,MTech
129,Data Scientist,R|AWS|Hadoop,MTech
130,Data Scientist,Python|AWS,MTech
131,Data Scientist,Hadoop,MTech
132,Data Scientist,Hadoop,MTech
133,Data Scientist,R|Hadoop,BE
134,Data Scientist,Python|Hadoop,BE
135,Data Scientist,R|Hadoop|SQL,MTech
136,Data Scientist,Hadoop|R,MTech
137,Data Scientist,R|Python|AWS,MTech
138,Data Scientist,Hadoop,BE
139,Data Scientist,Python|Hadoop,MTech
140,Data Scientist,AWS|Hadoop,MTech
141,Data Scientist,AWS|,BE
142,Data Scientist,Python|AWS,BE
143,Data Scientist,R|Hadoop,MTech
144,Data Scientist,R|Python|Hadoop,BE
145,Data Scientist,Hadoop,MTech
146,Data Scientist,R|SQL,MTech
147,Data Scientist,R|SQL|Python,MTech
148,Data Scientist,R|AWS,BE
149,Data Scientist,R,BE
150,Data Scientist,AWS|R|Hadoop,MTech
151,Data Scientist,R|Hadoop|SQL,BE
152,Data Scientist,Python|AWS|Hadoop,MTech
153,Data Scientist,R|Python|R|,MTech
154,Data Scientist,AWS|Hadoop,MTech
155,Data Scientist,R|Hadoop|,BE
156,Data Scientist,R|Hadoop,BE
157,Data Scientist,AWS,MTech
158,Data Scientist,Hadoop,MTech
159,Data Scientist,AWS,MTech
160,Data Scientist,R,BE
161,Data Scientist,AWS|Hadoop,BE
162,Data Scientist,Hadoop|SQL,BE
163,Data Scientist,AWS|SQL,BE
164,Data Scientist,R|AWS,BE
165,Data Scientist,Hadoop|SQL,BE
166,Data Scientist,AWS|R,BE
167,Data Scientist,Hadoop,BE
168,Data Scientist,R|AWS,BE
169,Data Scientist,AWS|SQL,BE
170,Data Scientist,AWS,BE
171,Data Scientist,Hadoop|R,BE
172,Data Scientist,AWS|Hadoop,BE
173,Data Scientist,SQL,MTech
174,Data Scientist,Hadoop|SQL,BE
175,Data Scientist,Hadoop,MTech
176,Data Scientist,AWS|Hadoop,BE
177,Data Scientist,AWS|Hadoop|SQL,BE
178,Data Scientist,R|Hadoop,BE
179,Data Scientist,R|Python|Hadoop|AWS,MTech
180,Data Scientist,Hadoop|R|SQL,MTech
181,Data Scientist,Python,BE
182,Data Scientist,Hadoop|R,BE
183,Data Scientist,Hadoop|SQL,MTech
184,Data Scientist,AWS,PhD
185,Data Scientist,R,BE
186,Data Scientist,AWS|Hadoop,BE
187,Data Scientist,AWS|R,BE
188,Data Scientist,Hadoop|SQL,BE
189,Data Scientist,R|Python|Hadoop,MTech
190,Data Scientist,Hadoop,BE
191,Data Scientist,R,BE
192,Data Scientist,Hadoop,BE
193,Data Scientist,Python|AWS|R,BE
194,Data Scientist,Hadoop,BE
195,Data Scientist,Hadoop,BE
196,Data Scientist,Hadoop|SQL,PhD
197,Data Scientist,AWS,BE
198,Data Scientist,Hadoop,MTech
199,Data Scientist,AWS|Hadoop,MTech
200,Data Scientist,Hadoop,BE
201,Data Scientist,R,BE
202,Data Scientist,Hadoop|SQL,BE
203,Data Scientist,AWS,MTech
204,Data Scientist,AWS|Hadoop|SQL,MTech
205,Data Scientist,Hadoop,BE
206,Data Scientist,R,BE
207,Data Scientist,Hadoop,BE
208,Data Scientist,Hadoop,BE
209,Data Scientist,Python|AWS,BE
210,Data Scientist,AWS|Hadoop|SQL,BE
211,Data Scientist,Hadoop,BE
212,Data Scientist,AWS,MTech
213,Data Scientist,AWS|Hadoop,MTech
214,Data Scientist,R|AWS|SQL,MTech
215,Data Scientist,AWS|SQL,MTech
216,Data Scientist,Python|AWS,BE
217,Data Scientist,SQL|AWS|SQL,BE
218,Data Scientist,R|Python,BE
219,Data Scientist,AWS|Hadoop,MTech
220,Data Scientist,Hadoop,BE
221,Data Scientist,AWS|AWS|Hadoop,BE
222,Data Scientist,SQL|AWS,BE
223,Data Scientist,R|Hadoop,BE
224,Data Scientist,AWS|R,MTech
225,Data Scientist,R|Hadoop,BE
226,Data Scientist,AWS,MTech
227,Data Scientist,Hadoop|SQL,MTech
228,Data Scientist,AWS|AWS,BE
229,Data Scientist,R,MTech
230,Data Scientist,AWS|SQL,BE
231,Data Scientist,Hadoop|R,BE
232,Data Scientist,Hadoop,BE
233,Data Scientist,AWS,BE
234,Data Scientist,AWS|Hadoop,BE
235,Data Scientist,Python,BE
236,Data Scientist,Python|AWS|Hadoop|SQL,BE
237,Data Scientist,R|Hadoop,MTech
238,Data Scientist,R|Python|Hadoop,BE
239,Data Scientist,Hadoop,MTech
240,Data Scientist,AWS|Hadoop,MTech
241,Data Scientist,Hadoop,BE
242,Data Scientist,Hadoop,BE
243,Data Scientist,Hadoop|SQL,BE
244,Data Scientist,Hadoop|SQL,BE
245,Data Scientist,AWS,BE
246,Data Scientist,R|Hadoop,BE
247,Data Scientist,Hadoop,BE
248,Data Scientist,Hadoop|SQL,BE
249,Data Scientist,Hadoop,MTech
250,Data Scientist,AWS|Hadoop,BE
251,Data Scientist,Hadoop|R|Hadoop,MTech
252,Data Scientist,AWS,BE
253,Data Scientist,AWS,BE
254,Data Scientist,AWS|SQL,BE
255,Data Scientist,Hadoop,BE
256,Data Scientist,AWS,BE
257,Data Scientist,Hadoop,MTech
258,Data Scientist,Hadoop|,BE
259,Data Scientist,AWS|Hadoop|SQL,BE
260,Data Scientist,Hadoop,BE
261,Data Scientist,R|Hadoop,BE
262,Data Scientist,Hadoop|R,MTech
263,Data Scientist,AWS|SQL,MTech
264,Data Scientist,R,BE
265,Data Scientist,AWS|SQL,BE
266,Data Scientist,R|Hadoop,BE
267,Data Scientist,Hadoop,BE
268,Data Scientist,R|Hadoop|AWS,MTech
269,Data Scientist,R|Hadoop,BE
270,Data Scientist,AWS|SQL,BE
271,Data Scientist,AWS|SQL,MTech
272,Data Scientist,AWS|R|Hadoop,BE
273,Data Scientist,Hadoop,MTech
274,Data Scientist,Hadoop,MTech
275,Data Scientist,Hadoop,BE
276,Data Scientist,Hadoop,MTech
277,Data Scientist,Hadoop|SQL,BE
278,Data Scientist,Hadoop|SQL,MTech
279,Data Scientist,R|Python|Hadoop,BE
280,Data Scientist,AWS|Hadoop,PhD
281,Data Scientist,AWS,BE
282,Data Scientist,Hadoop,MTech
283,Data Scientist,Hadoop,BE
284,Data Scientist,AWS|Hadoop,BE
285,Data Scientist,Hadoop,MTech
286,Data Scientist,AWS,BE
287,Data Scientist,AWS,MTech
288,Data Scientist,SQL|AWS,MTech
289,Data Scientist,AWS|Hadoop,BE
290,Data Scientist,R|Hadoop|,BE
291,Data Scientist,R|Python|Hadoop,BE
292,Data Scientist,AWS|Hadoop|Hadoop,MTech
293,Data Scientist,R|Hadoop,PhD
294,Data Scientist,AWS|Hadoop,BE
295,Data Scientist,R,BE
296,Data Scientist,Hadoop,BE
297,Data Scientist,AWS|Hadoop,BE
298,Data Scientist,AWS|Hadoop,BE
299,Data Scientist,AWS,PhD
300,Data Scientist,Hadoop,MTech
301,Data Scientist,R|AWS|Hadoop,BE
302,Data Scientist,R,BE
303,Data Scientist,Python|Hadoop,BE
304,Data Scientist,R|SQL,BE
305,Data Scientist,Hadoop,BE
306,Data Scientist,R|Hadoop,BE
307,Data Scientist,AWS,BE
308,Data Scientist,Hadoop,MTech
309,Data Scientist,SQL|Python,BE
310,Data Scientist,Hadoop,PhD
311,Data Scientist,Hadoop,BE
312,Data Scientist,R|Hadoop,BE
313,Data Scientist,AWS|SQL,BE
314,Data Scientist,Python|Hadoop,BE
315,Data Scientist,Hadoop,MTech
316,Data Scientist,AWS,BE
317,Data Scientist,AWS,MTech
318,Data Scientist,AWS,MTech
319,Data Scientist,AWS|Hadoop,BE
320,Data Scientist,Hadoop,MTech
321,Data Scientist,Hadoop|SQL,BE
322,Data Scientist,AWS,BE
323,Data Scientist,R|Python|Hadoop,BE
324,Data Scientist,Hadoop,BE
325,Data Scientist,AWS|Hadoop|SQL,MTech
326,Data Scientist,AWS|Hadoop,BE
327,Data Scientist,R|Hadoop,BE
328,Data Scientist,Hadoop,BE
329,Data Scientist,AWS|AWS|Hadoop,MTech
330,Data Scientist,AWS|Hadoop|SQL,MTech
331,Data Scientist,AWS|SQL,MTech
332,Data Scientist,Hadoop,BE
333,Data Scientist,R|AWS,BE
334,Data Scientist,AWS|Hadoop|SQL,BE
335,Data Scientist,Python|AWS|SQL,BE
336,Data Scientist,AWS|R,BE
337,Data Scientist,R|Python|Hadoop,BE
338,Data Scientist,Hadoop,BE
339,Data Scientist,Hadoop|R,MTech
340,Data Scientist,R|AWS|R|Hadoop,MTech
341,Data Scientist,R|Python|Hadoop,BE
342,Data Scientist,Hadoop,BE
343,Data Scientist,R|AWS,BE
344,Data Scientist,AWS|Hadoop,BE
345,Data Scientist,AWS|Hadoop|SQL,BE
346,Data Scientist,R,BE
347,Data Scientist,AWS|AWS,BE
348,Data Scientist,Hadoop,MTech
349,Data Scientist,R,BE
350,Data Scientist,R|SQL,BE
351,Data Scientist,AWS|SQL,BE
352,Data Scientist,R|Hadoop,BE
353,Data Scientist,R|Python|AWS|SQL,MTech
354,Data Scientist,Hadoop|SQL,BE
355,Data Scientist,Hadoop|R|SQL,BE
356,Data Scientist,R,BE
357,Data Scientist,R|Hadoop,BE
358,Data Scientist,Hadoop,BE
359,Data Scientist,R|AWS,MTech
360,Data Scientist,Hadoop,MTech
361,Data Scientist,Hadoop|SQL,BE
362,Data Scientist,R|Hadoop,BE
363,Data Scientist,R|Hadoop,BE
364,Data Scientist,Python|SQL,MTech
365,Data Scientist,R|Python|Hadoop,BE
366,Data Scientist,AWS,BE
367,Data Scientist,AWS|R|Hadoop,MTech
368,Data Scientist,AWS|R,BE
369,Data Scientist,R|Hadoop,BE
370,Data Scientist,R,BE
371,Data Scientist,Hadoop,BE
372,Data Scientist,AWS|AWS|Hadoop,BE
373,Data Scientist,Hadoop,BE
374,Data Scientist,AWS,BE
375,Data Scientist,AWS,MTech
376,Data Scientist,AWS|,BE
377,Data Scientist,R,MTech
378,Data Scientist,AWS|SQL,BE
379,Data Scientist,Hadoop,BE
380,Data Scientist,AWS,PhD
381,Data Scientist,R|AWS,BE
382,Data Scientist,Python|AWS|Hadoop,BE
383,Data Scientist,Python|AWS,MTech
384,Data Scientist,R,MTech
385,Data Scientist,Hadoop,BE
386,Data Scientist,Hadoop|SQL,MTech
387,Data Scientist,R|Hadoop,BE
388,Data Scientist,Hadoop|SQL,MTech
389,Data Scientist,Hadoop,MTech
390,Data Scientist,AWS,MTech
391,Data Scientist,R|Hadoop,MTech
392,Data Scientist,Python|AWS|R,BE
393,Data Scientist,AWS,MTech
394,Data Scientist,R|Python,BE
395,Data Scientist,AWS|Hadoop,BE
396,Data Scientist,Hadoop,BE
397,Data Scientist,AWS,BE
398,Data Scientist,R|AWS|Hadoop,BE
399,Data Scientist,Hadoop,MTech
400,Data Analyst,AWS|SQL,BE
401,Data Analyst,AWS,MTech
402,Data Analyst,R|Python|Hadoop,BE
403,Data Analyst,Python|AWS|R,MTech
404,Data Analyst,AWS|SQL,BE
405,Data Analyst,AWS,BE
406,Data Analyst,Hadoop|SQL,BE
407,Data Analyst,AWS|SQL,BE
408,Data Analyst,Hadoop,BE
409,Data Analyst,AWS,BE
410,Data Analyst,AWS|Hadoop,BE
411,Data Analyst,Hadoop|SQL,MTech
412,Data Analyst,Hadoop,BE
413,Data Analyst,AWS|SQL,MTech
414,Data Analyst,Hadoop|,PhD
415,Data Analyst,Python|AWS|Hadoop,MTech
416,Data Analyst,R|Hadoop,BE
417,Data Analyst,AWS|SQL,BE
418,Data Analyst,Hadoop|R,BE
419,Data Analyst,R|Python|R|Hadoop|SQL,BE
420,Data Analyst,AWS,BE
421,Data Analyst,Hadoop|SQL,BE
422,Data Analyst,R|Hadoop,MTech
423,Data Analyst,R|Python|R,MTech
424,Data Analyst,R|Hadoop,BE
425,Data Analyst,R|AWS,BE
426,Data Analyst,AWS,BE
427,Data Analyst,AWS|SQL,PhD
428,Data Analyst,Hadoop|SQL,MTech
429,Data Analyst,AWS,BE
430,Data Analyst,AWS,BE
431,Data Analyst,AWS|Hadoop,BE
432,Data Analyst,AWS,BE
433,Data Analyst,R,MTech
434,Data Analyst,Hadoop,BE
435,Data Analyst,AWS|Hadoop,BE
436,Data Analyst,Hadoop,BE
437,Data Analyst,AWS|R|Hadoop,PhD
438,Data Analyst,R,BE
439,Data Analyst,R|Python|Hadoop,BE
440,Data Analyst,Hadoop,BE
441,Data Analyst,R|Hadoop,MTech
442,Data Analyst,Hadoop,MTech
443,Data Analyst,Python|AWS,MTech
444,Data Analyst,R|Python|AWS|Hadoop,MTech
445,Data Analyst,AWS,BE
446,Data Analyst,AWS|R,MTech
447,Data Analyst,Hadoop|SQL,MTech
448,Data Analyst,AWS,BE
449,Data Analyst,R,MTech
450,Data Analyst,Hadoop,BE
451,Data Analyst,AWS,MTech
452,Data Analyst,R|Hadoop,BE
453,Data Analyst,R|Python,BE
454,Data Analyst,Hadoop,BE
455,Data Analyst,AWS|Hadoop|SQL,MTech
456,Data Analyst,AWS|SQL,BE
457,Data Analyst,Hadoop|SQL,BE
458,Data Analyst,AWS|SQL,MTech
459,Data Analyst,AWS|Hadoop,BE
460,Data Analyst,Hadoop,BE
461,Data Analyst,R|AWS|SQL,BE
462,Data Analyst,R|Hadoop,BE
463,Data Analyst,AWS,BE
464,Data Analyst,Hadoop|SQL,MTech
465,Data Analyst,R|Hadoop,BE
466,Data Analyst,Hadoop,BE
467,Data Analyst,Hadoop|SQL,BE
468,Data Analyst,Hadoop,MTech
469,Data Analyst,R|Hadoop,MTech
470,Data Analyst,R|Hadoop,MTech
471,Data Analyst,AWS|R|SQL,BE
472,Data Analyst,AWS,MTech
473,Data Analyst,Hadoop|SQL,BE
474,Data Analyst,AWS|Hadoop,BE
475,Data Analyst,R|Hadoop,BE
476,Data Analyst,AWS,PhD
477,Data Analyst,R|R|Hadoop,PhD
478,Data Analyst,AWS,BE
479,Data Analyst,R,MTech
480,Data Analyst,R|Hadoop,MTech
481,Data Analyst,Hadoop,BE
482,Data Analyst,Hadoop,BE
483,Data Analyst,Hadoop,BE
484,Data Analyst,Hadoop|R,MTech
485,Data Analyst,AWS|Hadoop,MTech
486,Data Analyst,Hadoop,BE
487,Data Analyst,AWS|Hadoop,BE
488,Data Analyst,AWS|R,MTech
489,Data Analyst,R|Python|Hadoop,MTech
490,Data Analyst,Hadoop|SQL,MTech
491,Data Analyst,Hadoop,MTech
492,Data Analyst,Hadoop,BE
493,Data Analyst,Hadoop,BE
494,Data Analyst,Hadoop,BE
495,Data Analyst,AWS|Hadoop|SQL,BE
496,Data Analyst,Python|AWS,BE
497,Data Analyst,R|Hadoop,BE
498,Data Analyst,AWS|Hadoop|SQL,MTech
499,Data Analyst,AWS|SQL,MTech
500,Data Analyst,R|Python|Hadoop,BE
501,Data Analyst,R|Python|AWS,MTech
502,Data Analyst,R|Python,BE
503,Data Analyst,R,BE
504,Data Analyst,Hadoop,MTech
505,Data Analyst,AWS|SQL,MTech
506,Data Analyst,SQL|AWS|Hadoop,MTech
507,Data Analyst,R|Python|AWS|SQL,MTech
508,Data Analyst,R|Python|Hadoop,BE
509,Data Analyst,R|Hadoop|,BE
510,Data Analyst,R|,MTech
511,Data Analyst,R|Python|Hadoop,BE
512,Data Analyst,R|Python|SQL|AWS|Hadoop,BE
513,Data Analyst,Hadoop|,MTech
514,Data Analyst,AWS|Hadoop,BE
515,Data Analyst,Hadoop|SQL,BE
516,Data Analyst,Hadoop|R,BE
517,Data Analyst,AWS|SQL,BE
518,Data Analyst,AWS|Hadoop,BE
519,Data Analyst,AWS|Hadoop,MTech
520,Data Analyst,AWS|Hadoop,BE
521,Data Analyst,Hadoop|SQL,BE
522,Data Analyst,Hadoop,BE
523,Data Analyst,Hadoop,BE
524,Data Analyst,AWS|Hadoop,BE
525,Data Analyst,AWS|AWS,MTech
526,Data Analyst,Python|AWS|Hadoop,BE
527,Data Analyst,Hadoop,MTech
528,Data Analyst,AWS|R,BE
529,Data Analyst,AWS|Hadoop,MTech
530,Data Analyst,AWS,MTech
531,Data Analyst,AWS|AWS,MTech
532,Data Analyst,AWS|Hadoop|Hadoop|SQL,BE
533,Data Analyst,Python|SQL|AWS,BE
534,Data Analyst,R|Hadoop,BE
535,Data Analyst,Python|Hadoop|R,MTech
536,Data Analyst,R|Python|Hadoop,PhD
537,Data Analyst,R|SQL,BE
538,Data Analyst,SQL|AWS|Hadoop|Hadoop,BE
539,Data Analyst,SQL|AWS|Hadoop|SQL,MTech
540,Data Analyst,SQL|AWS|Hadoop,MTech
541,Data Analyst,AWS|SQL,MTech
542,Data Analyst,R|Python|Hadoop,MTech
543,Data Analyst,R|AWS,BE
544,Data Analyst,R|Python|Hadoop,MTech
545,Data Analyst,AWS,MTech
546,Data Analyst,Hadoop|SQL,BE
547,Data Analyst,Hadoop|R,BE
548,Data Analyst,AWS|R|Hadoop,BE
549,Data Analyst,Python|AWS,BE
550,Data Analyst,R|Python|SQL|R|Hadoop,BE
551,Data Analyst,R|R|Hadoop,BE
552,Data Analyst,AWS,BE
553,Data Analyst,Hadoop|SQL,BE
554,Data Analyst,Hadoop,BE
555,Data Analyst,AWS|Hadoop,MTech
556,Data Analyst,SQL|AWS,BE
557,Data Analyst,AWS|SQL,BE
558,Data Analyst,AWS,MTech
559,Data Analyst,Hadoop,BE
560,Data Analyst,Hadoop,BE
561,Data Analyst,R|Hadoop,BE
562,Data Analyst,Hadoop|SQL,BE
563,Data Analyst,Python|SQL|AWS|Hadoop,MTech
564,Data Analyst,Hadoop|,BE
565,Data Analyst,AWS,BE
566,Data Analyst,AWS,BE
567,Data Analyst,AWS|Hadoop,BE
568,Data Analyst,AWS,MTech
569,Data Analyst,SQL,BE
570,Data Analyst,Hadoop|,BE
571,Data Analyst,Hadoop,BE
572,Data Analyst,R|R|Hadoop|,BE
573,Data Analyst,R|Python||,BE
574,Data Analyst,AWS|Hadoop,MTech
575,Data Analyst,Hadoop,BE
576,Data Analyst,R||,BE
577,Data Analyst,R|Python|Hadoop,MTech
578,Data Analyst,Hadoop|SQL,MTech
579,Data Analyst,AWS,BE
580,Data Analyst,R|Hadoop|,MTech
581,Data Analyst,Python|SQL|AWS|Hadoop|,MTech
582,Data Analyst,R,BE
583,Data Analyst,AWS,BE
584,Data Analyst,AWS,MTech
585,Data Analyst,AWS|Hadoop|,MTech
586,Data Analyst,R,MTech
587,Data Analyst,Hadoop,BE
588,Data Analyst,Hadoop,BE
589,Data Analyst,AWS|Hadoop,MTech
590,Data Analyst,Hadoop,BE
591,Data Analyst,Python|SQL|AWS|AWS|Hadoop|Hadoop,MTech
592,Data Analyst,Python|AWS|Hadoop,MTech
593,Data Analyst,Hadoop|,MTech
594,Data Analyst,Hadoop,BE
595,Data Analyst,Hadoop||SQL|Hadoop|,BE
596,Data Analyst,R,BE
597,Data Analyst,AWS|R,MTech
598,Data Analyst,R|Python|AWS|,BE
599,Data Analyst,AWS|SQL,MTech
600,Data Analyst,R|Hadoop|,MTech
601,Data Analyst,R|R|Hadoop,BE
602,Data Analyst,|,MTech
603,Data Analyst,Hadoop|SQL,BE
604,Data Analyst,Hadoop,PhD
605,Data Analyst,AWS,BE
606,Data Analyst,Hadoop,BE
607,Data Analyst,Hadoop,BE
608,Data Analyst,R|Python,BE
609,Data Analyst,AWS,BE
610,Data Analyst,Hadoop,MTech
611,Data Analyst,R|Hadoop|,BE
612,Data Analyst,AWS|SQL,MTech
613,Data Analyst,Python|SQL|AWS|AWS|,BE
614,Data Analyst,AWS,BE
615,Data Analyst,Python|AWS,BE
616,Data Analyst,R|Hadoop|SQL|,BE
617,Data Analyst,Hadoop||R,BE
618,Data Analyst,Hadoop|SQL,BE
619,Data Analyst,AWS|Hadoop|Hadoop,BE
620,Data Analyst,AWS,BE
621,Data Analyst,Python|SQL|AWS,MTech
622,Data Analyst,AWS|R,MTech
623,Data Analyst,Hadoop|Hadoop|R|,BE
624,Data Analyst,AWS,BE
625,Data Analyst,Hadoop,BE
626,Data Analyst,AWS,BE
627,Data Analyst,R|,BE
628,Data Analyst,R,MTech
629,Data Analyst,R|Python|,BE
630,Data Analyst,R,MTech
631,Data Analyst,R|Python|SQL|,MTech
632,Data Analyst,R|Hadoop,BE
633,Data Analyst,SQL|Hadoop,BE
634,Data Analyst,R|,BE
635,Data Analyst,AWS,BE
636,Data Analyst,SQL|AWS|AWS,BE
637,Data Analyst,AWS,BE
638,Data Analyst,R|Hadoop,BE
639,Data Analyst,AWS|,MTech
640,Data Analyst,AWS|Hadoop|SQL,BE
641,Data Analyst,AWS|Hadoop,BE
642,Data Analyst,AWS|R,PhD
643,Data Analyst,Hadoop,BE
644,Data Analyst,AWS|R,BE
645,Data Analyst,Hadoop,MTech
646,Data Analyst,R|Python,MTech
647,Data Analyst,AWS|R,BE
648,Data Analyst,Hadoop|SQL,MTech
649,Data Analyst,AWS|Hadoop,BE
650,Data Analyst,Hadoop,MTech
651,Data Analyst,AWS|Hadoop,PhD
652,Data Analyst,AWS|Hadoop,MTech
653,Data Analyst,Python,BE
654,Data Analyst,AWS|R|Hadoop,MTech
655,Data Analyst,Hadoop|SQL,MTech
656,Data Analyst,R|Python|Hadoop,MTech
657,Data Analyst,Hadoop,MTech
658,Data Analyst,Hadoop|,BE
659,Data Analyst,SQL|AWS|Hadoop||SQL,PhD
660,Data Analyst,AWS|,BE
661,Data Analyst,AWS,BE
662,Data Analyst,R|Hadoop|,MTech
663,Data Analyst,AWS|R,MTech
664,Data Analyst,AWS|Hadoop|SQL|Hadoop,BE
665,Data Analyst,AWS|R,BE
666,Data Analyst,R|Python|Hadoop|,BE
667,Data Analyst,AWS|R|,BE
668,Data Analyst,Hadoop||R,MTech
669,Data Analyst,AWS|AWS,PhD
670,Data Analyst,Hadoop|SQL,BE
671,Data Analyst,AWS|Hadoop|SQL,MTech
672,Data Analyst,AWS|SQL,BE
673,Data Analyst,Hadoop|,MTech
674,Data Analyst,R|Hadoop,BE
675,Data Analyst,AWS|SQL,MTech
676,Data Analyst,Python|AWS,BE
677,Data Analyst,R|Python,MTech
678,Data Analyst,AWS|AWS|Hadoop,BE
679,Data Analyst,AWS,MTech
680,Data Analyst,Hadoop,MTech
681,Data Analyst,AWS,MTech
682,Data Analyst,Hadoop|,BE
683,Data Analyst,Hadoop,MTech
684,Data Analyst,Python|AWS,MTech
685,Data Analyst,AWS|Hadoop|,MTech
686,Data Analyst,AWS,MTech
687,Data Analyst,R|,BE
688,Data Analyst,AWS,BE
689,Data Analyst,AWS,BE
690,Data Analyst,Hadoop,MTech
691,Data Analyst,R|Python|,BE
692,Data Analyst,AWS|AWS|Hadoop,MTech
693,Data Analyst,AWS|Hadoop|SQL,BE
694,Data Analyst,R|,MTech
695,Data Analyst,AWS|AWS,MTech
696,Data Analyst,R,BE
697,Data Analyst,AWS|R,BE
698,Data Analyst,Hadoop,BE
699,Data Analyst,R|Python|Hadoop|,PhD
700,Data Analyst,R|Hadoop,BE
701,Data Analyst,Hadoop,MTech
702,Data Analyst,AWS|Hadoop|SQL,BE
703,Data Analyst,R|Hadoop,BE
704,Data Analyst,AWS,MTech
705,Data Analyst,R|AWS|R|,BE
706,Data Analyst,Hadoop,MTech
707,Data Analyst,Hadoop,BE
708,Data Analyst,R|Hadoop|SQL|,MTech
709,Data Analyst,R|Hadoop||,MTech
710,Data Analyst,AWS,MTech
711,Data Analyst,R|R|Hadoop,MTech
712,Data Analyst,R|AWS|R|,MTech
713,Data Analyst,R|,BE
714,Data Analyst,Hadoop|,BE
715,Data Analyst,AWS|AWS,MTech
716,Data Analyst,Hadoop|,BE
717,Data Analyst,AWS|Hadoop|Hadoop,BE
718,Data Analyst,R|AWS|R,MTech
719,Data Analyst,Python|SQL|AWS|,BE
720,Data Analyst,R|,BE
721,Data Analyst,AWS|Hadoop|SQL,BE
722,Data Analyst,Hadoop,BE
723,Data Analyst,Hadoop,MTech
724,Data Analyst,Python|Hadoop|SQL|,MTech
725,Data Analyst,AWS|Hadoop|SQL,BE
726,Data Analyst,AWS||SQL,MTech
727,Data Analyst,|SQL,BE
728,Data Analyst,AWS|,BE
729,Data Analyst,Hadoop|SQL,BE
730,Data Analyst,Hadoop||SQL|,MTech
731,Data Analyst,|,MTech
732,Data Analyst,AWS|SQL,BE
733,Data Analyst,Hadoop|,BE
734,Data Analyst,AWS|SQL,BE
735,Data Analyst,R|Python|SQL,BE
736,Data Analyst,AWS|Hadoop|SQL,MTech
737,Data Analyst,AWS|R,BE
738,Data Analyst,AWS|R|SQL,MTech
739,Data Analyst,Hadoop|SQL,BE
740,Data Analyst,R,BE
741,Data Analyst,AWS|Hadoop|SQL,BE
742,Data Analyst,AWS|SQL,BE
743,Data Analyst,AWS|Hadoop|SQL,BE
744,Data Analyst,AWS|Hadoop,BE
745,Data Analyst,Python,BE
746,Data Analyst,Python|AWS|Hadoop,BE
747,Data Analyst,Hadoop|SQL,BE
748,Data Analyst,AWS,BE
749,Data Analyst,Hadoop|SQL,BE
750,Data Analyst,Hadoop,PhD
751,Data Analyst,Python|Hadoop|Hadoop,BE
752,Data Analyst,Python|SQL,BE
753,Data Analyst,Hadoop,MTech
754,Data Analyst,AWS,MTech
755,Data Analyst,Hadoop|SQL,MTech
756,Data Analyst,Hadoop,BE
757,Data Analyst,SQL,BE
758,Data Analyst,R|SQL,BE
759,Data Analyst,Hadoop|SQL,BE
760,Data Analyst,R|SQL,MTech
761,Data Analyst,AWS,BE
762,Data Analyst,AWS,BE
763,Data Analyst,AWS|SQL,BE
764,Data Analyst,AWS|SQL,BE
765,Data Analyst,R|Python|Hadoop,BE
766,Data Analyst,R|Python|SQL,BE
767,Data Analyst,Python,BE
768,Data Analyst,R,BE
769,Data Analyst,Hadoop|Hadoop|SQL,BE
770,Data Analyst,Hadoop,MTech
771,Data Analyst,AWS|SQL,MTech
772,Data Analyst,AWS|Hadoop,BE
773,Data Analyst,AWS|SQL,BE
774,Data Analyst,Hadoop|SQL|R,MTech
775,Data Analyst,Hadoop,MTech
776,Data Analyst,AWS|R,BE
777,Data Analyst,AWS|SQL,BE
778,Data Analyst,Python|AWS,BE
779,Data Analyst,Hadoop|Hadoop|SQL,MTech
780,Data Analyst,Hadoop,MTech
781,Data Analyst,AWS|SQL,BE
782,Data Analyst,Hadoop|SQL,MTech
783,Data Analyst,Hadoop,PhD
784,Data Analyst,Hadoop,MTech
785,Data Analyst,R|Hadoop,MTech
786,Data Analyst,Hadoop,MTech
787,Data Analyst,R|Python|Hadoop,MTech
788,Data Analyst,SQL|R,MTech
789,Data Analyst,Hadoop,BE
790,Data Analyst,R,MTech
791,Data Analyst,R|Hadoop|,BE
792,Data Analyst,Python|AWS|SQL,BE
793,Data Analyst,Python|AWS|R|Hadoop|SQL,BE
794,Data Analyst,Hadoop,MTech
795,Data Analyst,AWS|Hadoop,BE
796,Data Analyst,Hadoop|SQL,MTech
797,Data Architect,AWS|,MTech
798,Data Architect,SQL|,BE
799,Data Architect,Hadoop,BE
800,Data Architect,Hadoop,BE
801,Data Architect,AWS|Hadoop,BE
802,Data Architect,Python|AWS,BE
803,Data Architect,Hadoop|SQL,BE
804,Data Architect,AWS|Hadoop,MTech
805,Data Architect,Hadoop,MTech
806,Data Architect,R|Python,BE
807,Data Architect,Hadoop,MTech
808,Data Architect,R,BE
809,Data Architect,Hadoop,BE
810,Data Architect,AWS|Hadoop,BE
811,Data Architect,R|AWS|Hadoop|,BE
812,Data Architect,Hadoop|,BE
813,Data Architect,R|Python,BE
814,Data Architect,R|,MTech
815,Data Architect,R,BE
816,Data Architect,AWS|SQL,BE
817,Data Architect,Hadoop|,BE
818,Data Architect,R|,BE
819,Data Architect,AWS|AWS,BE
820,Data Architect,Hadoop,BE
821,Data Architect,AWS|AWS|R,BE
822,Data Architect,Python|R,MTech
823,Data Architect,Python|AWS|Hadoop,BE
824,Data Architect,AWS|AWS,BE
825,Data Architect,Python|AWS|AWS,BE
826,Data Architect,AWS|Hadoop,MTech
827,Data Architect,AWS|AWS|SQL,MTech
828,Data Architect,AWS|AWS|Hadoop,BE
829,Data Architect,Python|AWS|Hadoop,BE
830,Data Architect,AWS|AWS,MTech
831,Data Architect,Python|AWS,BE
832,Data Architect,AWS|AWS|,MTech
833,Data Architect,Python|Hadoop|Hadoop,MTech
834,Data Architect,AWS,BE
835,Data Architect,AWS|AWS,MTech
836,Data Architect,SQL|AWS|Hadoop,BE
837,Data Architect,SQL|AWS,BE
838,Data Architect,SQL|AWS,BE
839,Data Architect,SQL|AWS|Hadoop,MTech
840,Data Architect,AWS|Hadoop,BE
841,Data Architect,Python|Hadoop,BE
842,Data Architect,AWS|AWS|Hadoop,BE
843,Data Architect,SQL|AWS|Hadoop,BE
844,Data Architect,Python|SQL|AWS,BE
845,Data Architect,Python|AWS,MTech
846,Data Architect,Python|SQL|AWS|Hadoop,BE
847,Data Architect,SQL|AWS|Hadoop,BE
848,Data Architect,AWS|R|Hadoop,MTech
849,Data Architect,|SQL,BE
850,Data Architect,R|Python|Hadoop,BE
851,Data Architect,R|Python|Hadoop,PhD
852,Data Architect,Hadoop,BE
853,Data Architect,Hadoop,MTech
854,Data Architect,Hadoop,MTech
855,Data Architect,AWS|Hadoop,MTech
856,Data Architect,Hadoop|SQL,BE
857,Data Architect,Hadoop,PhD
858,Data Administrator,AWS|Hadoop,MTech
859,Data Administrator,Hadoop|SQL,MTech
860,Data Administrator,R|Hadoop,BE
861,Data Administrator,R|Python,MTech
862,Data Administrator,AWS|R|Hadoop,BE
863,Data Administrator,Hadoop,BE
864,Data Administrator,Hadoop,MTech
865,Data Administrator,R|Python,BE
866,Data Administrator,Hadoop,BE
867,Data Administrator,AWS|SQL,MTech
868,Data Administrator,Hadoop,BE
869,Data Administrator,Hadoop|SQL,BE
870,Data Administrator,AWS|Hadoop,BE
871,Data Administrator,Python|SQL,MTech
872,Data Administrator,SQL|AWS|Hadoop,BE
873,Data Administrator,AWS|SQL,MTech
874,Data Administrator,AWS|SQL,BE
875,Data Administrator,R,BE
876,Data Administrator,R|Python,MTech
877,Data Administrator,Python,PhD
878,Data Administrator,AWS|Hadoop,BE
879,Data Administrator,Hadoop|R,BE
880,Data Administrator,AWS|Hadoop,BE
881,Data Administrator,AWS|,BE
882,Data Administrator,AWS|R,MTech
883,Data Administrator,AWS,BE
884,Data Administrator,AWS|SQL,MTech
885,Data Administrator,Hadoop,BE
886,Data Administrator,AWS|,MTech
887,Data Administrator,R|Hadoop,BE
888,Data Administrator,Python|Hadoop,BE
889,Data Administrator,R,BE
890,Data Administrator,R|Python|Hadoop,BE
891,Data Administrator,Hadoop|SQL,BE
892,Data Administrator,R,BE
893,Data Administrator,Hadoop,MTech
894,Data Administrator,AWS,BE
895,Data Administrator,R,BE
896,Data Administrator,Hadoop,MTech
897,Data Administrator,Hadoop|SQL,MTech
898,Data Administrator,Hadoop,BE
899,Data Administrator,Hadoop,BE
900,Data Administrator,AWS|Hadoop,BE
901,Data Administrator,AWS,BE
902,Data Administrator,AWS|Hadoop,BE
903,Data Administrator,R|Hadoop|SQL,MTech
904,Data Administrator,R|SQL,BE
905,Data Administrator,Hadoop,MTech
906,Data Administrator,Hadoop,MTech
907,Data Administrator,R,MTech
908,Data Administrator,AWS,BE
909,Data Administrator,R|Python|Hadoop,BE
910,Data Administrator,R|AWS|Hadoop,MTech
911,Data Administrator,AWS,BE
912,Data Administrator,R|Hadoop,BE
913,Data Administrator,Hadoop,BE
914,Data Administrator,Hadoop,MTech
915,Data Administrator,Hadoop,BE
916,Data Administrator,AWS|Hadoop,MTech
917,Data Administrator,R|Python|Hadoop,MTech
918,Data Administrator,Hadoop,BE
919,Data Administrator,AWS|R,BE
920,Data Administrator,AWS|Hadoop,BE
921,Data Administrator,R|Python|Hadoop,BE
922,Data Administrator,R,MTech
923,Data Administrator,R|Python|Hadoop,BE
924,Data Administrator,R,BE
925,Data Administrator,Hadoop,BE
926,Data Administrator,Hadoop,MTech
927,Data Administrator,AWS,BE
928,Data Administrator,Python|AWS|Hadoop,BE
929,Data Administrator,AWS,BE
930,Data Administrator,R|Python|Hadoop,BE
931,Data Administrator,SQL|AWS|R,BE
932,Data Administrator,Hadoop,MTech
933,Data Administrator,SQL|AWS,BE
934,Data Administrator,R,MTech
935,Data Administrator,R|Python|Hadoop,BE
936,Data Administrator,Hadoop,MTech
937,Data Administrator,Hadoop,MTech
938,Data Administrator,AWS|Hadoop,MTech
939,Data Administrator,Hadoop,BE
940,Data Administrator,AWS,BE
941,Data Administrator,R|Python|R,MTech
942,Data Administrator,AWS|R,BE
943,Data Administrator,AWS,BE
944,Data Administrator,Hadoop,BE
945,Data Administrator,AWS|Hadoop,BE
946,Data Administrator,AWS|Hadoop|SQL,BE
947,Data Administrator,Hadoop|Hadoop|SQL,BE
948,Data Administrator,Hadoop|SQL,MTech
949,Data Administrator,Hadoop|,MTech
950,Data Administrator,R|Hadoop,BE
951,Data Administrator,AWS,BE
952,Data Administrator,R,BE
953,Data Administrator,Hadoop|SQL,MTech
954,Data Administrator,AWS|Hadoop,MTech
955,Data Administrator,Hadoop,BE
956,Data Administrator,Hadoop,MTech
957,Data Administrator,Hadoop,MTech
958,Data Administrator,AWS|SQL,MTech
959,Data Administrator,AWS|R|Hadoop,MTech
960,Data Administrator,R|Hadoop|SQL,BE
961,Data Administrator,R|SQL,BE
962,Data Administrator,R|Python,MTech
963,Data Administrator,Hadoop,BE
964,Data Administrator,AWS,PhD
965,Data Administrator,R|Python|Hadoop,MTech
966,Data Administrator,R|Python|AWS|Hadoop|SQL,BE
967,Data Administrator,R|Python,BE
968,Data Administrator,Hadoop|Hadoop,MTech
969,Data Administrator,R|Python|R|Hadoop,MTech
970,Data Administrator,R|Python,BE
971,Data Administrator,AWS,BE
972,Data Administrator,Hadoop,BE
973,Data Administrator,Python|Hadoop,BE
974,Data Administrator,R|Hadoop|,BE
975,Data Administrator,Hadoop,MTech
976,Data Administrator,R|Hadoop,BE
977,Data Administrator,R|Hadoop,BE
978,Data Administrator,R|Python|Hadoop,MTech
979,Data Administrator,Hadoop|SQL,BE
980,Data Administrator,R|AWS,BE
981,Data Administrator,R|Hadoop,MTech
982,Data Administrator,R|Hadoop,BE
983,Data Administrator,R|Python|AWS|Hadoop,MTech
984,Data Administrator,Python|Hadoop|SQL,BE
985,Data Administrator,Hadoop,BE
986,Data Administrator,R|R|Hadoop,BE
987,Data Administrator,R|AWS,MTech
988,Data Administrator,R|Python|AWS|Hadoop,MTech
989,Data Administrator,R|Hadoop,BE
990,Data Administrator,Hadoop,BE
991,Data Administrator,Python|SQL|AWS|R,BE
992,Data Administrator,R|Hadoop|SQL,BE
993,Data Administrator,Hadoop,BE
994,Data Administrator,Hadoop|SQL,BE
995,Data Administrator,R|Hadoop,BE
996,Data Administrator,Hadoop,PhD
997,Data Administrator,AWS|SQL,PhD
998,Data Administrator,Hadoop,BE
999,Data Administrator,Hadoop,BE
1000,Data Administrator,Python|SQL|AWS,BE
1001,Cloud Engineer,R,MTech
1002,Cloud Engineer,R|Python|Hadoop,BE
1003,Cloud Engineer,Hadoop,MTech
1004,Cloud Engineer,Hadoop,MTech
1005,Cloud Engineer,AWS|Hadoop,MTech
1006,Cloud Engineer,Hadoop,BE
1007,Cloud Engineer,AWS,BE
1008,Cloud Engineer,R|Python|R,MTech
1009,Cloud Engineer,AWS|R,BE
1010,Cloud Engineer,AWS,BE
1011,Cloud Engineer,Hadoop,BE
1012,Software Engineer,AWS|Hadoop,BE
1013,Software Engineer,AWS|Hadoop|SQL,BE
1014,Software Engineer,Hadoop|Hadoop|SQL,BE
1015,Software Engineer,Hadoop|SQL,MTech
1016,Software Engineer,Hadoop|,MTech
1017,Software Engineer,R|Hadoop,BE
1018,Software Engineer,R|Python|AWS|Hadoop,MTech
1019,Software Engineer,R|Hadoop,BE
1020,Software Engineer,Hadoop,BE
1021,System Analyst,Python|SQL|AWS|R,BE
1022,System Analyst,R|Hadoop|SQL,BE
1023,System Analyst,Hadoop,BE
1024,System Analyst,Hadoop|SQL,BE
1025,System Analyst,R|Hadoop,BE
1026,System Analyst,Hadoop,PhD
1027,System Analyst,AWS|SQL,PhD
1028,System Analyst,Hadoop,BE
1029,System Analyst,Hadoop,BE
1030,System Analyst,Python|SQL|AWS,BE
1031,Systems Enginering,AWS|R,BE
1032,Systems Enginering,AWS|Hadoop,BE
1033,Systems Enginering,R|Python|Hadoop,BE
1034,Systems Enginering,R,MTech
1035,Systems Enginering,R|Python|Hadoop,BE
1036,Systems Enginering,R,BE
1037,Systems Enginering,Hadoop,BE
1038,Systems Enginering,Hadoop,MTech
1039,Systems Enginering,AWS,BE
1040,Systems Enginering,Python|AWS|Hadoop,BE
1041,Program Manager,AWS,BE
1042,Program Manager,R|Python|Hadoop,BE
1043,Program Manager,SQL|AWS|R,BE
1044,Program Manager,Hadoop,MTech
1045,Program Manager,SQL|AWS,BE
1046,Program Manager,R,MTech
1047,Program Manager,R|Python|Hadoop,BE
1048,Program Manager,Hadoop,MTech
1049,Program Manager,R|Python|Hadoop,BE
1050,Program Manager,R,MTech
1051,Technology Architect,R|Python|Hadoop,BE
1052,Technology Architect,R,MTech
1053,Technology Architect,R|Python|Hadoop,BE
1054,Technology Architect,R,BE
1055,Technology Architect,Hadoop,BE
1056,Technology Architect,Hadoop,MTech
1057,Technology Architect,AWS,BE
1058,Technology Architect,Python|AWS|Hadoop,BE
1059,Technology Architect,AWS,BE
1060,Technology Architect,R|Python|Hadoop,BE
