0,3,3,2,1,Electronics Engineer
1,4,4,3,3,Electronics Engineer
3,2,2,4,4,Electronics Engineer
4,0,0,1,2,Electronics Engineer
2,1,1,2,0,Electronics Engineer
0,2,2,0,1,Electronics Engineer
1,3,3,2,2,Electronics Engineer
2,4,4,1,3,Electronics Engineer
3,1,1,3,4,Electronics Engineer
4,2,2,4,1,Electronics Engineer
1,0,0,0,2,Electronics Engineer
2,2,2,1,0,Electronics Engineer
0,1,1,3,2,Electronics Engineer
2,3,3,2,1,Network Planning Engineer
1,4,4,1,3,Network Planning Engineer
3,0,0,4,4,Network Planning Engineer
4,1,1,0,0,Network Planning Engineer
0,3,3,1,1,Network Planning Engineer
1,2,2,2,3,Network Planning Engineer
3,1,1,3,2,Network Planning Engineer
2,4,2,4,1,Network Planning Engineer
1,0,1,0,4,Network Planning Engineer
4,1,3,3,0,Network Planning Engineer
0,2,4,2,1,Network Planning Engineer
1,3,0,4,2,Network Planning Engineer
2,4,1,4,3,Network Planning Engineer
3,0,3,0,4,Network Planning Engineer
4,3,2,1,1,Network Planning Engineer
0,2,1,2,3,Service Engineer
3,4,4,2,4,Service Engineer
2,4,0,3,2,Service Engineer
4,0,1,4,0,Service Engineer
1,1,2,1,1,Service Engineer
4,2,3,2,2,Service Engineer
1,3,4,0,3,Service Engineer
0,4,0,2,4,Service Engineer
2,0,3,1,1,Service Engineer
3,3,2,3,2,Service Engineer
1,2,4,4,0,Service Engineer
4,4,1,0,2,Service Engineer
0,1,4,1,1,Service Engineer
1,4,1,3,3,Service Engineer
3,1,2,2,4,Service Engineer
2,0,1,1,0,Service Engineer
0,2,3,4,1,Service Engineer
4,3,4,0,3,Network Planning Engineer
4,1,0,1,2,Network Planning Engineer
3,4,1,2,1,Network Planning Engineer
2,0,3,3,4,Network Planning Engineer
0,1,2,4,0,Network Planning Engineer
1,3,1,0,1,Network Planning Engineer
3,2,4,3,2,Network Planning Engineer
4,0,0,2,3,Network Planning Engineer
2,4,1,4,4,Network Planning Engineer
4,4,2,4,1,Network Planning Engineer
2,3,3,0,3,Network Planning Engineer
0,2,4,1,4,Network Planning Engineer
1,0,0,2,2,Network Planning Engineer
2,1,3,2,0,Network Planning Engineer
3,2,2,0,1,Network Planning Engineer
4,4,4,1,2,Network Planning Engineer
1,2,1,2,3,Network Planning Engineer
2,0,4,4,4,Network Planning Engineer
0,1,1,2,1,Network Planning Engineer
2,2,3,0,2,Electronics Engineer
1,4,2,1,0,Service Engineer
3,3,4,2,2,Service Engineer
4,2,0,4,1,Service Engineer
0,0,1,3,3,Service Engineer
5,5,5,5,5,Electronics Design Engineer
1,1,1,1,1,Desktop Support Engineer
0,2,5,3,1,Control Systems Engineer
1,5,3,4,5,Power Electronics Engineer
0,1,2,4,0,Service Engineer
1,3,1,0,1,Service Engineer
3,2,4,3,2,Service Engineer
4,0,0,2,3,Service Engineer
2,4,1,4,4,Desktop Support Engineer
4,3,4,0,3,Desktop Support Engineer
4,1,0,1,2,Desktop Support Engineer
3,4,1,2,1,Desktop Support Engineer
2,0,3,3,4,Desktop Support Engineer
0,1,2,4,0,Control Systems Engineer
3,2,2,4,4,Control Systems Engineer
4,0,0,1,2,Control Systems Engineer
2,1,1,2,0,Control Systems Engineer
0,2,2,0,1,Control Systems Engineer
